;Y;X;Hoehe;Dbasal;Dbrust;Cones;Alter;;;;;;;;;;;
1;91.8;8;250;3.82;2.55;0;103;;;;;;;;;;;
2;91.8;24;250;3.82;2.55;0;103;;;;;;;;;;;
3;91.8;40;250;3.82;2.55;0;103;;;;;;;;;;;
4;91.8;56;250;3.82;2.55;0;103;;;;;;;;;;;
5;91.8;72;250;3.82;2.55;0;103;;;;;;;;;;;
6;91.8;88;250;3.82;2.55;0;103;;;;;;;;;;;
7;61.8;8;250;3.82;2.55;0;103;;;;;;;;;;;
8;61.8;24;250;3.82;2.55;0;103;;;;;;;;;;;
9;61.8;40;250;3.82;2.55;0;103;;;;;;;;;;;
10;61.8;56;250;3.82;2.55;0;103;;;;;;;;;;;
11;61.8;72;250;3.82;2.55;0;103;;;;;;;;;;;
12;61.8;88;250;3.82;2.55;0;103;;;;;;;;;;;
13;31.8;8;250;3.82;2.55;0;103;;;;;;;;;;;
14;31.8;24;250;3.82;2.55;0;103;;;;;;;;;;;
15;31.8;40;250;3.82;2.55;0;103;;;;;;;;;;;
16;31.8;56;250;3.82;2.55;0;103;;;;;;;;;;;
17;31.8;72;250;3.82;2.55;0;103;;;;;;;;;;;
18;31.8;88;250;3.82;2.55;0;103;;;;;;;;;;;
19;1.8;8;250;3.82;2.55;0;103;;;;;;;;;;;
20;1.8;24;250;3.82;2.55;0;103;;;;;;;;;;;
21;1.8;40;250;3.82;2.55;0;103;;;;;;;;;;;
22;1.8;56;250;3.82;2.55;0;103;;;;;;;;;;;
23;1.8;72;250;3.82;2.55;0;103;;;;;;;;;;;
24;1.8;88;250;3.82;2.55;0;103;;;;;;;;;;;
25;78.6;12.8;390;5.41;3.02;1;107;;;;;;;;;;;
26;78.6;28.8;390;5.41;3.02;1;107;;;;;;;;;;;
27;78.6;44.8;390;5.41;3.02;1;107;;;;;;;;;;;
28;78.6;60.8;390;5.41;3.02;1;107;;;;;;;;;;;
29;78.6;76.8;390;5.41;3.02;1;107;;;;;;;;;;;
30;78.6;92.8;390;5.41;3.02;1;107;;;;;;;;;;;
31;48.6;12.8;390;5.41;3.02;1;107;;;;;;;;;;;
32;48.6;28.8;390;5.41;3.02;1;107;;;;;;;;;;;
33;48.6;44.8;390;5.41;3.02;1;107;;;;;;;;;;;
34;48.6;60.8;390;5.41;3.02;1;107;;;;;;;;;;;
35;48.6;76.8;390;5.41;3.02;1;107;;;;;;;;;;;
36;48.6;92.8;390;5.41;3.02;1;107;;;;;;;;;;;
37;18.6;12.8;390;5.41;3.02;1;107;;;;;;;;;;;
38;18.6;28.8;390;5.41;3.02;1;107;;;;;;;;;;;
39;18.6;44.8;390;5.41;3.02;1;107;;;;;;;;;;;
40;18.6;60.8;390;5.41;3.02;1;107;;;;;;;;;;;
41;18.6;76.8;390;5.41;3.02;1;107;;;;;;;;;;;
42;18.6;92.8;390;5.41;3.02;1;107;;;;;;;;;;;
43;81.8;11.6;340;5.73;3.82;0;108;;;;;;;;;;;
44;81.8;27.6;340;5.73;3.82;0;108;;;;;;;;;;;
45;81.8;43.6;340;5.73;3.82;0;108;;;;;;;;;;;
46;81.8;59.6;340;5.73;3.82;0;108;;;;;;;;;;;
47;81.8;75.6;340;5.73;3.82;0;108;;;;;;;;;;;
48;81.8;91.6;340;5.73;3.82;0;108;;;;;;;;;;;
49;51.8;11.6;340;5.73;3.82;0;108;;;;;;;;;;;
50;51.8;27.6;340;5.73;3.82;0;108;;;;;;;;;;;
51;51.8;43.6;340;5.73;3.82;0;108;;;;;;;;;;;
52;51.8;59.6;340;5.73;3.82;0;108;;;;;;;;;;;
53;51.8;75.6;340;5.73;3.82;0;108;;;;;;;;;;;
54;51.8;91.6;340;5.73;3.82;0;108;;;;;;;;;;;
55;21.8;11.6;340;5.73;3.82;0;108;;;;;;;;;;;
56;21.8;27.6;340;5.73;3.82;0;108;;;;;;;;;;;
57;21.8;43.6;340;5.73;3.82;0;108;;;;;;;;;;;
58;21.8;59.6;340;5.73;3.82;0;108;;;;;;;;;;;
59;21.8;75.6;340;5.73;3.82;0;108;;;;;;;;;;;
60;21.8;91.6;340;5.73;3.82;0;108;;;;;;;;;;;
61;70.2;1.6;550;11.46;6.84;1;110;;;;;;;;;;;
62;70.2;17.6;550;11.46;6.84;1;110;;;;;;;;;;;
63;70.2;33.6;550;11.46;6.84;1;110;;;;;;;;;;;
64;70.2;49.6;550;11.46;6.84;1;110;;;;;;;;;;;
65;70.2;65.6;550;11.46;6.84;1;110;;;;;;;;;;;
66;70.2;81.6;550;11.46;6.84;1;110;;;;;;;;;;;
67;70.2;97.6;550;11.46;6.84;1;110;;;;;;;;;;;
68;40.2;1.6;550;11.46;6.84;1;110;;;;;;;;;;;
69;40.2;17.6;550;11.46;6.84;1;110;;;;;;;;;;;
70;40.2;33.6;550;11.46;6.84;1;110;;;;;;;;;;;
71;40.2;49.6;550;11.46;6.84;1;110;;;;;;;;;;;
72;40.2;65.6;550;11.46;6.84;1;110;;;;;;;;;;;
73;40.2;81.6;550;11.46;6.84;1;110;;;;;;;;;;;
74;40.2;97.6;550;11.46;6.84;1;110;;;;;;;;;;;
75;10.2;1.6;550;11.46;6.84;1;110;;;;;;;;;;;
76;10.2;17.6;550;11.46;6.84;1;110;;;;;;;;;;;
77;10.2;33.6;550;11.46;6.84;1;110;;;;;;;;;;;
78;10.2;49.6;550;11.46;6.84;1;110;;;;;;;;;;;
79;10.2;65.6;550;11.46;6.84;1;110;;;;;;;;;;;
80;10.2;81.6;550;11.46;6.84;1;110;;;;;;;;;;;
81;10.2;97.6;550;11.46;6.84;1;110;;;;;;;;;;;
82;74.6;0.4;300;6.37;3.50;1;110;;;;;;;;;;;
83;74.6;16.4;300;6.37;3.50;1;110;;;;;;;;;;;
84;74.6;32.4;300;6.37;3.50;1;110;;;;;;;;;;;
85;74.6;48.4;300;6.37;3.50;1;110;;;;;;;;;;;
86;74.6;64.4;300;6.37;3.50;1;110;;;;;;;;;;;
87;74.6;80.4;300;6.37;3.50;1;110;;;;;;;;;;;
88;74.6;96.4;300;6.37;3.50;1;110;;;;;;;;;;;
89;44.6;0.4;300;6.37;3.50;1;110;;;;;;;;;;;
90;44.6;16.4;300;6.37;3.50;1;110;;;;;;;;;;;
91;44.6;32.4;300;6.37;3.50;1;110;;;;;;;;;;;
92;44.6;48.4;300;6.37;3.50;1;110;;;;;;;;;;;
93;44.6;64.4;300;6.37;3.50;1;110;;;;;;;;;;;
94;44.6;80.4;300;6.37;3.50;1;110;;;;;;;;;;;
95;44.6;96.4;300;6.37;3.50;1;110;;;;;;;;;;;
96;14.6;0.4;300;6.37;3.50;1;110;;;;;;;;;;;
97;14.6;16.4;300;6.37;3.50;1;110;;;;;;;;;;;
98;14.6;32.4;300;6.37;3.50;1;110;;;;;;;;;;;
99;14.6;48.4;300;6.37;3.50;1;110;;;;;;;;;;;
100;14.6;64.4;300;6.37;3.50;1;110;;;;;;;;;;;
101;14.6;80.4;300;6.37;3.50;1;110;;;;;;;;;;;
102;14.6;96.4;300;6.37;3.50;1;110;;;;;;;;;;;
103;74.2;2;390;6.37;4.14;1;115;;;;;;;;;;;
104;74.2;18;390;6.37;4.14;1;115;;;;;;;;;;;
105;74.2;34;390;6.37;4.14;1;115;;;;;;;;;;;
106;74.2;50;390;6.37;4.14;1;115;;;;;;;;;;;
107;74.2;66;390;6.37;4.14;1;115;;;;;;;;;;;
108;74.2;82;390;6.37;4.14;1;115;;;;;;;;;;;
109;74.2;98;390;6.37;4.14;1;115;;;;;;;;;;;
110;44.2;2;390;6.37;4.14;1;115;;;;;;;;;;;
111;44.2;18;390;6.37;4.14;1;115;;;;;;;;;;;
112;44.2;34;390;6.37;4.14;1;115;;;;;;;;;;;
113;44.2;50;390;6.37;4.14;1;115;;;;;;;;;;;
114;44.2;66;390;6.37;4.14;1;115;;;;;;;;;;;
115;44.2;82;390;6.37;4.14;1;115;;;;;;;;;;;
116;44.2;98;390;6.37;4.14;1;115;;;;;;;;;;;
117;14.2;2;390;6.37;4.14;1;115;;;;;;;;;;;
118;14.2;18;390;6.37;4.14;1;115;;;;;;;;;;;
119;14.2;34;390;6.37;4.14;1;115;;;;;;;;;;;
120;14.2;50;390;6.37;4.14;1;115;;;;;;;;;;;
121;14.2;66;390;6.37;4.14;1;115;;;;;;;;;;;
122;14.2;82;390;6.37;4.14;1;115;;;;;;;;;;;
123;14.2;98;390;6.37;4.14;1;115;;;;;;;;;;;
124;85;15.2;380;8.28;4.46;1;118;;;;;;;;;;;
125;85;31.2;380;8.28;4.46;1;118;;;;;;;;;;;
126;85;47.2;380;8.28;4.46;1;118;;;;;;;;;;;
127;85;63.2;380;8.28;4.46;1;118;;;;;;;;;;;
128;85;79.2;380;8.28;4.46;1;118;;;;;;;;;;;
129;85;95.2;380;8.28;4.46;1;118;;;;;;;;;;;
130;55;15.2;380;8.28;4.46;1;118;;;;;;;;;;;
131;55;31.2;380;8.28;4.46;1;118;;;;;;;;;;;
132;55;47.2;380;8.28;4.46;1;118;;;;;;;;;;;
133;55;63.2;380;8.28;4.46;1;118;;;;;;;;;;;
134;55;79.2;380;8.28;4.46;1;118;;;;;;;;;;;
135;55;95.2;380;8.28;4.46;1;118;;;;;;;;;;;
136;25;15.2;380;8.28;4.46;1;118;;;;;;;;;;;
137;25;31.2;380;8.28;4.46;1;118;;;;;;;;;;;
138;25;47.2;380;8.28;4.46;1;118;;;;;;;;;;;
139;25;63.2;380;8.28;4.46;1;118;;;;;;;;;;;
140;25;79.2;380;8.28;4.46;1;118;;;;;;;;;;;
141;25;95.2;380;8.28;4.46;1;118;;;;;;;;;;;
142;91.8;4;265;9.23;5.41;1;125;;;;;;;;;;;
143;91.8;20;265;9.23;5.41;1;125;;;;;;;;;;;
144;91.8;36;265;9.23;5.41;1;125;;;;;;;;;;;
145;91.8;52;265;9.23;5.41;1;125;;;;;;;;;;;
146;91.8;68;265;9.23;5.41;1;125;;;;;;;;;;;
147;91.8;84;265;9.23;5.41;1;125;;;;;;;;;;;
148;61.8;4;265;9.23;5.41;1;125;;;;;;;;;;;
149;61.8;20;265;9.23;5.41;1;125;;;;;;;;;;;
150;61.8;36;265;9.23;5.41;1;125;;;;;;;;;;;
151;61.8;52;265;9.23;5.41;1;125;;;;;;;;;;;
152;61.8;68;265;9.23;5.41;1;125;;;;;;;;;;;
153;61.8;84;265;9.23;5.41;1;125;;;;;;;;;;;
154;31.8;4;265;9.23;5.41;1;125;;;;;;;;;;;
155;31.8;20;265;9.23;5.41;1;125;;;;;;;;;;;
156;31.8;36;265;9.23;5.41;1;125;;;;;;;;;;;
157;31.8;52;265;9.23;5.41;1;125;;;;;;;;;;;
158;31.8;68;265;9.23;5.41;1;125;;;;;;;;;;;
159;31.8;84;265;9.23;5.41;1;125;;;;;;;;;;;
160;1.8;4;265;9.23;5.41;1;125;;;;;;;;;;;
161;1.8;20;265;9.23;5.41;1;125;;;;;;;;;;;
162;1.8;36;265;9.23;5.41;1;125;;;;;;;;;;;
163;1.8;52;265;9.23;5.41;1;125;;;;;;;;;;;
164;1.8;68;265;9.23;5.41;1;125;;;;;;;;;;;
165;1.8;84;265;9.23;5.41;1;125;;;;;;;;;;;
166;96.2;11.6;400;8.59;5.41;1;125;;;;;;;;;;;
167;96.2;27.6;400;8.59;5.41;1;125;;;;;;;;;;;
168;96.2;43.6;400;8.59;5.41;1;125;;;;;;;;;;;
169;96.2;59.6;400;8.59;5.41;1;125;;;;;;;;;;;
170;96.2;75.6;400;8.59;5.41;1;125;;;;;;;;;;;
171;96.2;91.6;400;8.59;5.41;1;125;;;;;;;;;;;
172;66.2;11.6;400;8.59;5.41;1;125;;;;;;;;;;;
173;66.2;27.6;400;8.59;5.41;1;125;;;;;;;;;;;
174;66.2;43.6;400;8.59;5.41;1;125;;;;;;;;;;;
175;66.2;59.6;400;8.59;5.41;1;125;;;;;;;;;;;
176;66.2;75.6;400;8.59;5.41;1;125;;;;;;;;;;;
177;66.2;91.6;400;8.59;5.41;1;125;;;;;;;;;;;
178;36.2;11.6;400;8.59;5.41;1;125;;;;;;;;;;;
179;36.2;27.6;400;8.59;5.41;1;125;;;;;;;;;;;
180;36.2;43.6;400;8.59;5.41;1;125;;;;;;;;;;;
181;36.2;59.6;400;8.59;5.41;1;125;;;;;;;;;;;
182;36.2;75.6;400;8.59;5.41;1;125;;;;;;;;;;;
183;36.2;91.6;400;8.59;5.41;1;125;;;;;;;;;;;
184;6.2;11.6;400;8.59;5.41;1;125;;;;;;;;;;;
185;6.2;27.6;400;8.59;5.41;1;125;;;;;;;;;;;
186;6.2;43.6;400;8.59;5.41;1;125;;;;;;;;;;;
187;6.2;59.6;400;8.59;5.41;1;125;;;;;;;;;;;
188;6.2;75.6;400;8.59;5.41;1;125;;;;;;;;;;;
189;6.2;91.6;400;8.59;5.41;1;125;;;;;;;;;;;
190;98.6;12.8;500;8.75;5.57;1;126;;;;;;;;;;;
191;98.6;28.8;500;8.75;5.57;1;126;;;;;;;;;;;
192;98.6;44.8;500;8.75;5.57;1;126;;;;;;;;;;;
193;98.6;60.8;500;8.75;5.57;1;126;;;;;;;;;;;
194;98.6;76.8;500;8.75;5.57;1;126;;;;;;;;;;;
195;98.6;92.8;500;8.75;5.57;1;126;;;;;;;;;;;
196;68.6;12.8;500;8.75;5.57;1;126;;;;;;;;;;;
197;68.6;28.8;500;8.75;5.57;1;126;;;;;;;;;;;
198;68.6;44.8;500;8.75;5.57;1;126;;;;;;;;;;;
199;68.6;60.8;500;8.75;5.57;1;126;;;;;;;;;;;
200;68.6;76.8;500;8.75;5.57;1;126;;;;;;;;;;;
201;68.6;92.8;500;8.75;5.57;1;126;;;;;;;;;;;
202;38.6;12.8;500;8.75;5.57;1;126;;;;;;;;;;;
203;38.6;28.8;500;8.75;5.57;1;126;;;;;;;;;;;
204;38.6;44.8;500;8.75;5.57;1;126;;;;;;;;;;;
205;38.6;60.8;500;8.75;5.57;1;126;;;;;;;;;;;
206;38.6;76.8;500;8.75;5.57;1;126;;;;;;;;;;;
207;38.6;92.8;500;8.75;5.57;1;126;;;;;;;;;;;
208;8.6;12.8;500;8.75;5.57;1;126;;;;;;;;;;;
209;8.6;28.8;500;8.75;5.57;1;126;;;;;;;;;;;
210;8.6;44.8;500;8.75;5.57;1;126;;;;;;;;;;;
211;8.6;60.8;500;8.75;5.57;1;126;;;;;;;;;;;
212;8.6;76.8;500;8.75;5.57;1;126;;;;;;;;;;;
213;8.6;92.8;500;8.75;5.57;1;126;;;;;;;;;;;
214;90.6;0;500;9.23;5.73;1;128;;;;;;;;;;;
215;90.6;16;500;9.23;5.73;1;128;;;;;;;;;;;
216;90.6;32;500;9.23;5.73;1;128;;;;;;;;;;;
217;90.6;48;500;9.23;5.73;1;128;;;;;;;;;;;
218;90.6;64;500;9.23;5.73;1;128;;;;;;;;;;;
219;90.6;80;500;9.23;5.73;1;128;;;;;;;;;;;
220;90.6;96;500;9.23;5.73;1;128;;;;;;;;;;;
221;60.6;0;500;9.23;5.73;1;128;;;;;;;;;;;
222;60.6;16;500;9.23;5.73;1;128;;;;;;;;;;;
223;60.6;32;500;9.23;5.73;1;128;;;;;;;;;;;
224;60.6;48;500;9.23;5.73;1;128;;;;;;;;;;;
225;60.6;64;500;9.23;5.73;1;128;;;;;;;;;;;
226;60.6;80;500;9.23;5.73;1;128;;;;;;;;;;;
227;60.6;96;500;9.23;5.73;1;128;;;;;;;;;;;
228;30.6;0;500;9.23;5.73;1;128;;;;;;;;;;;
229;30.6;16;500;9.23;5.73;1;128;;;;;;;;;;;
230;30.6;32;500;9.23;5.73;1;128;;;;;;;;;;;
231;30.6;48;500;9.23;5.73;1;128;;;;;;;;;;;
232;30.6;64;500;9.23;5.73;1;128;;;;;;;;;;;
233;30.6;80;500;9.23;5.73;1;128;;;;;;;;;;;
234;30.6;96;500;9.23;5.73;1;128;;;;;;;;;;;
235;0.6;0;500;9.23;5.73;1;128;;;;;;;;;;;
236;0.6;16;500;9.23;5.73;1;128;;;;;;;;;;;
237;0.6;32;500;9.23;5.73;1;128;;;;;;;;;;;
238;0.6;48;500;9.23;5.73;1;128;;;;;;;;;;;
239;0.6;64;500;9.23;5.73;1;128;;;;;;;;;;;
240;0.6;80;500;9.23;5.73;1;128;;;;;;;;;;;
241;0.6;96;500;9.23;5.73;1;128;;;;;;;;;;;
242;93.4;12;600;10.50;6.37;0;133;;;;;;;;;;;
243;93.4;28;600;10.50;6.37;0;133;;;;;;;;;;;
244;93.4;44;600;10.50;6.37;0;133;;;;;;;;;;;
245;93.4;60;600;10.50;6.37;0;133;;;;;;;;;;;
246;93.4;76;600;10.50;6.37;0;133;;;;;;;;;;;
247;93.4;92;600;10.50;6.37;0;133;;;;;;;;;;;
248;63.4;12;600;10.50;6.37;0;133;;;;;;;;;;;
249;63.4;28;600;10.50;6.37;0;133;;;;;;;;;;;
250;63.4;44;600;10.50;6.37;0;133;;;;;;;;;;;
251;63.4;60;600;10.50;6.37;0;133;;;;;;;;;;;
252;63.4;76;600;10.50;6.37;0;133;;;;;;;;;;;
253;63.4;92;600;10.50;6.37;0;133;;;;;;;;;;;
254;33.4;12;600;10.50;6.37;0;133;;;;;;;;;;;
255;33.4;28;600;10.50;6.37;0;133;;;;;;;;;;;
256;33.4;44;600;10.50;6.37;0;133;;;;;;;;;;;
257;33.4;60;600;10.50;6.37;0;133;;;;;;;;;;;
258;33.4;76;600;10.50;6.37;0;133;;;;;;;;;;;
259;33.4;92;600;10.50;6.37;0;133;;;;;;;;;;;
260;3.4;12;600;10.50;6.37;0;133;;;;;;;;;;;
261;3.4;28;600;10.50;6.37;0;133;;;;;;;;;;;
262;3.4;44;600;10.50;6.37;0;133;;;;;;;;;;;
263;3.4;60;600;10.50;6.37;0;133;;;;;;;;;;;
264;3.4;76;600;10.50;6.37;0;133;;;;;;;;;;;
265;3.4;92;600;10.50;6.37;0;133;;;;;;;;;;;
266;96.2;0.8;500;12.10;7.00;1;138;;;;;;;;;;;
267;96.2;16.8;500;12.10;7.00;1;138;;;;;;;;;;;
268;96.2;32.8;500;12.10;7.00;1;138;;;;;;;;;;;
269;96.2;48.8;500;12.10;7.00;1;138;;;;;;;;;;;
270;96.2;64.8;500;12.10;7.00;1;138;;;;;;;;;;;
271;96.2;80.8;500;12.10;7.00;1;138;;;;;;;;;;;
272;96.2;96.8;500;12.10;7.00;1;138;;;;;;;;;;;
273;66.2;0.8;500;12.10;7.00;1;138;;;;;;;;;;;
274;66.2;16.8;500;12.10;7.00;1;138;;;;;;;;;;;
275;66.2;32.8;500;12.10;7.00;1;138;;;;;;;;;;;
276;66.2;48.8;500;12.10;7.00;1;138;;;;;;;;;;;
277;66.2;64.8;500;12.10;7.00;1;138;;;;;;;;;;;
278;66.2;80.8;500;12.10;7.00;1;138;;;;;;;;;;;
279;66.2;96.8;500;12.10;7.00;1;138;;;;;;;;;;;
280;36.2;0.8;500;12.10;7.00;1;138;;;;;;;;;;;
281;36.2;16.8;500;12.10;7.00;1;138;;;;;;;;;;;
282;36.2;32.8;500;12.10;7.00;1;138;;;;;;;;;;;
283;36.2;48.8;500;12.10;7.00;1;138;;;;;;;;;;;
284;36.2;64.8;500;12.10;7.00;1;138;;;;;;;;;;;
285;36.2;80.8;500;12.10;7.00;1;138;;;;;;;;;;;
286;36.2;96.8;500;12.10;7.00;1;138;;;;;;;;;;;
287;6.2;0.8;500;12.10;7.00;1;138;;;;;;;;;;;
288;6.2;16.8;500;12.10;7.00;1;138;;;;;;;;;;;
289;6.2;32.8;500;12.10;7.00;1;138;;;;;;;;;;;
290;6.2;48.8;500;12.10;7.00;1;138;;;;;;;;;;;
291;6.2;64.8;500;12.10;7.00;1;138;;;;;;;;;;;
292;6.2;80.8;500;12.10;7.00;1;138;;;;;;;;;;;
293;6.2;96.8;500;12.10;7.00;1;138;;;;;;;;;;;
294;95.8;9.2;500;12.10;7.16;1;139;;;;;;;;;;;
295;95.8;25.2;500;12.10;7.16;1;139;;;;;;;;;;;
296;95.8;41.2;500;12.10;7.16;1;139;;;;;;;;;;;
297;95.8;57.2;500;12.10;7.16;1;139;;;;;;;;;;;
298;95.8;73.2;500;12.10;7.16;1;139;;;;;;;;;;;
299;95.8;89.2;500;12.10;7.16;1;139;;;;;;;;;;;
300;65.8;9.2;500;12.10;7.16;1;139;;;;;;;;;;;
301;65.8;25.2;500;12.10;7.16;1;139;;;;;;;;;;;
302;65.8;41.2;500;12.10;7.16;1;139;;;;;;;;;;;
303;65.8;57.2;500;12.10;7.16;1;139;;;;;;;;;;;
304;65.8;73.2;500;12.10;7.16;1;139;;;;;;;;;;;
305;65.8;89.2;500;12.10;7.16;1;139;;;;;;;;;;;
306;35.8;9.2;500;12.10;7.16;1;139;;;;;;;;;;;
307;35.8;25.2;500;12.10;7.16;1;139;;;;;;;;;;;
308;35.8;41.2;500;12.10;7.16;1;139;;;;;;;;;;;
309;35.8;57.2;500;12.10;7.16;1;139;;;;;;;;;;;
310;35.8;73.2;500;12.10;7.16;1;139;;;;;;;;;;;
311;35.8;89.2;500;12.10;7.16;1;139;;;;;;;;;;;
312;5.8;9.2;500;12.10;7.16;1;139;;;;;;;;;;;
313;5.8;25.2;500;12.10;7.16;1;139;;;;;;;;;;;
314;5.8;41.2;500;12.10;7.16;1;139;;;;;;;;;;;
315;5.8;57.2;500;12.10;7.16;1;139;;;;;;;;;;;
316;5.8;73.2;500;12.10;7.16;1;139;;;;;;;;;;;
317;5.8;89.2;500;12.10;7.16;1;139;;;;;;;;;;;
318;82.6;9.6;300;11.14;7.32;1;140;;;;;;;;;;;
319;82.6;25.6;300;11.14;7.32;1;140;;;;;;;;;;;
320;82.6;41.6;300;11.14;7.32;1;140;;;;;;;;;;;
321;82.6;57.6;300;11.14;7.32;1;140;;;;;;;;;;;
322;82.6;73.6;300;11.14;7.32;1;140;;;;;;;;;;;
323;82.6;89.6;300;11.14;7.32;1;140;;;;;;;;;;;
324;52.6;9.6;300;11.14;7.32;1;140;;;;;;;;;;;
325;52.6;25.6;300;11.14;7.32;1;140;;;;;;;;;;;
326;52.6;41.6;300;11.14;7.32;1;140;;;;;;;;;;;
327;52.6;57.6;300;11.14;7.32;1;140;;;;;;;;;;;
328;52.6;73.6;300;11.14;7.32;1;140;;;;;;;;;;;
329;52.6;89.6;300;11.14;7.32;1;140;;;;;;;;;;;
330;22.6;9.6;300;11.14;7.32;1;140;;;;;;;;;;;
331;22.6;25.6;300;11.14;7.32;1;140;;;;;;;;;;;
332;22.6;41.6;300;11.14;7.32;1;140;;;;;;;;;;;
333;22.6;57.6;300;11.14;7.32;1;140;;;;;;;;;;;
334;22.6;73.6;300;11.14;7.32;1;140;;;;;;;;;;;
335;22.6;89.6;300;11.14;7.32;1;140;;;;;;;;;;;
336;76.6;4;600;11.14;7.32;1;140;;;;;;;;;;;
337;76.6;20;600;11.14;7.32;1;140;;;;;;;;;;;
338;76.6;36;600;11.14;7.32;1;140;;;;;;;;;;;
339;76.6;52;600;11.14;7.32;1;140;;;;;;;;;;;
340;76.6;68;600;11.14;7.32;1;140;;;;;;;;;;;
341;76.6;84;600;11.14;7.32;1;140;;;;;;;;;;;
342;46.6;4;600;11.14;7.32;1;140;;;;;;;;;;;
343;46.6;20;600;11.14;7.32;1;140;;;;;;;;;;;
344;46.6;36;600;11.14;7.32;1;140;;;;;;;;;;;
345;46.6;52;600;11.14;7.32;1;140;;;;;;;;;;;
346;46.6;68;600;11.14;7.32;1;140;;;;;;;;;;;
347;46.6;84;600;11.14;7.32;1;140;;;;;;;;;;;
348;16.6;4;600;11.14;7.32;1;140;;;;;;;;;;;
349;16.6;20;600;11.14;7.32;1;140;;;;;;;;;;;
350;16.6;36;600;11.14;7.32;1;140;;;;;;;;;;;
351;16.6;52;600;11.14;7.32;1;140;;;;;;;;;;;
352;16.6;68;600;11.14;7.32;1;140;;;;;;;;;;;
353;16.6;84;600;11.14;7.32;1;140;;;;;;;;;;;
354;76.6;4.4;400;10.82;7.64;1;143;;;;;;;;;;;
355;76.6;20.4;400;10.82;7.64;1;143;;;;;;;;;;;
356;76.6;36.4;400;10.82;7.64;1;143;;;;;;;;;;;
357;76.6;52.4;400;10.82;7.64;1;143;;;;;;;;;;;
358;76.6;68.4;400;10.82;7.64;1;143;;;;;;;;;;;
359;76.6;84.4;400;10.82;7.64;1;143;;;;;;;;;;;
360;46.6;4.4;400;10.82;7.64;1;143;;;;;;;;;;;
361;46.6;20.4;400;10.82;7.64;1;143;;;;;;;;;;;
362;46.6;36.4;400;10.82;7.64;1;143;;;;;;;;;;;
363;46.6;52.4;400;10.82;7.64;1;143;;;;;;;;;;;
364;46.6;68.4;400;10.82;7.64;1;143;;;;;;;;;;;
365;46.6;84.4;400;10.82;7.64;1;143;;;;;;;;;;;
366;16.6;4.4;400;10.82;7.64;1;143;;;;;;;;;;;
367;16.6;20.4;400;10.82;7.64;1;143;;;;;;;;;;;
368;16.6;36.4;400;10.82;7.64;1;143;;;;;;;;;;;
369;16.6;52.4;400;10.82;7.64;1;143;;;;;;;;;;;
370;16.6;68.4;400;10.82;7.64;1;143;;;;;;;;;;;
371;16.6;84.4;400;10.82;7.64;1;143;;;;;;;;;;;
372;79.8;0;650;12.73;8.28;1;148;;;;;;;;;;;
373;79.8;16;650;12.73;8.28;1;148;;;;;;;;;;;
374;79.8;32;650;12.73;8.28;1;148;;;;;;;;;;;
375;79.8;48;650;12.73;8.28;1;148;;;;;;;;;;;
376;79.8;64;650;12.73;8.28;1;148;;;;;;;;;;;
377;79.8;80;650;12.73;8.28;1;148;;;;;;;;;;;
378;79.8;96;650;12.73;8.28;1;148;;;;;;;;;;;
379;49.8;0;650;12.73;8.28;1;148;;;;;;;;;;;
380;49.8;16;650;12.73;8.28;1;148;;;;;;;;;;;
381;49.8;32;650;12.73;8.28;1;148;;;;;;;;;;;
382;49.8;48;650;12.73;8.28;1;148;;;;;;;;;;;
383;49.8;64;650;12.73;8.28;1;148;;;;;;;;;;;
384;49.8;80;650;12.73;8.28;1;148;;;;;;;;;;;
385;49.8;96;650;12.73;8.28;1;148;;;;;;;;;;;
386;19.8;0;650;12.73;8.28;1;148;;;;;;;;;;;
387;19.8;16;650;12.73;8.28;1;148;;;;;;;;;;;
388;19.8;32;650;12.73;8.28;1;148;;;;;;;;;;;
389;19.8;48;650;12.73;8.28;1;148;;;;;;;;;;;
390;19.8;64;650;12.73;8.28;1;148;;;;;;;;;;;
391;19.8;80;650;12.73;8.28;1;148;;;;;;;;;;;
392;19.8;96;650;12.73;8.28;1;148;;;;;;;;;;;
393;76.2;6.8;450;13.69;8.91;1;153;;;;;;;;;;;
394;76.2;22.8;450;13.69;8.91;1;153;;;;;;;;;;;
395;76.2;38.8;450;13.69;8.91;1;153;;;;;;;;;;;
396;76.2;54.8;450;13.69;8.91;1;153;;;;;;;;;;;
397;76.2;70.8;450;13.69;8.91;1;153;;;;;;;;;;;
398;76.2;86.8;450;13.69;8.91;1;153;;;;;;;;;;;
399;46.2;6.8;450;13.69;8.91;1;153;;;;;;;;;;;
400;46.2;22.8;450;13.69;8.91;1;153;;;;;;;;;;;
401;46.2;38.8;450;13.69;8.91;1;153;;;;;;;;;;;
402;46.2;54.8;450;13.69;8.91;1;153;;;;;;;;;;;
403;46.2;70.8;450;13.69;8.91;1;153;;;;;;;;;;;
404;46.2;86.8;450;13.69;8.91;1;153;;;;;;;;;;;
405;16.2;6.8;450;13.69;8.91;1;153;;;;;;;;;;;
406;16.2;22.8;450;13.69;8.91;1;153;;;;;;;;;;;
407;16.2;38.8;450;13.69;8.91;1;153;;;;;;;;;;;
408;16.2;54.8;450;13.69;8.91;1;153;;;;;;;;;;;
409;16.2;70.8;450;13.69;8.91;1;153;;;;;;;;;;;
410;16.2;86.8;450;13.69;8.91;1;153;;;;;;;;;;;
411;91.4;4.4;550;12.10;8.91;1;153;;;;;;;;;;;
412;91.4;20.4;550;12.10;8.91;1;153;;;;;;;;;;;
413;91.4;36.4;550;12.10;8.91;1;153;;;;;;;;;;;
414;91.4;52.4;550;12.10;8.91;1;153;;;;;;;;;;;
415;91.4;68.4;550;12.10;8.91;1;153;;;;;;;;;;;
416;91.4;84.4;550;12.10;8.91;1;153;;;;;;;;;;;
417;61.4;4.4;550;12.10;8.91;1;153;;;;;;;;;;;
418;61.4;20.4;550;12.10;8.91;1;153;;;;;;;;;;;
419;61.4;36.4;550;12.10;8.91;1;153;;;;;;;;;;;
420;61.4;52.4;550;12.10;8.91;1;153;;;;;;;;;;;
421;61.4;68.4;550;12.10;8.91;1;153;;;;;;;;;;;
422;61.4;84.4;550;12.10;8.91;1;153;;;;;;;;;;;
423;31.4;4.4;550;12.10;8.91;1;153;;;;;;;;;;;
424;31.4;20.4;550;12.10;8.91;1;153;;;;;;;;;;;
425;31.4;36.4;550;12.10;8.91;1;153;;;;;;;;;;;
426;31.4;52.4;550;12.10;8.91;1;153;;;;;;;;;;;
427;31.4;68.4;550;12.10;8.91;1;153;;;;;;;;;;;
428;31.4;84.4;550;12.10;8.91;1;153;;;;;;;;;;;
429;1.4;4.4;550;12.10;8.91;1;153;;;;;;;;;;;
430;1.4;20.4;550;12.10;8.91;1;153;;;;;;;;;;;
431;1.4;36.4;550;12.10;8.91;1;153;;;;;;;;;;;
432;1.4;52.4;550;12.10;8.91;1;153;;;;;;;;;;;
433;1.4;68.4;550;12.10;8.91;1;153;;;;;;;;;;;
434;1.4;84.4;550;12.10;8.91;1;153;;;;;;;;;;;
435;79.8;10;600;11.78;8.91;1;153;;;;;;;;;;;
436;79.8;26;600;11.78;8.91;1;153;;;;;;;;;;;
437;79.8;42;600;11.78;8.91;1;153;;;;;;;;;;;
438;79.8;58;600;11.78;8.91;1;153;;;;;;;;;;;
439;79.8;74;600;11.78;8.91;1;153;;;;;;;;;;;
440;79.8;90;600;11.78;8.91;1;153;;;;;;;;;;;
441;49.8;10;600;11.78;8.91;1;153;;;;;;;;;;;
442;49.8;26;600;11.78;8.91;1;153;;;;;;;;;;;
443;49.8;42;600;11.78;8.91;1;153;;;;;;;;;;;
444;49.8;58;600;11.78;8.91;1;153;;;;;;;;;;;
445;49.8;74;600;11.78;8.91;1;153;;;;;;;;;;;
446;49.8;90;600;11.78;8.91;1;153;;;;;;;;;;;
447;19.8;10;600;11.78;8.91;1;153;;;;;;;;;;;
448;19.8;26;600;11.78;8.91;1;153;;;;;;;;;;;
449;19.8;42;600;11.78;8.91;1;153;;;;;;;;;;;
450;19.8;58;600;11.78;8.91;1;153;;;;;;;;;;;
451;19.8;74;600;11.78;8.91;1;153;;;;;;;;;;;
452;19.8;90;600;11.78;8.91;1;153;;;;;;;;;;;
453;89.4;8.4;600;13.05;9.23;1;155;;;;;;;;;;;
454;89.4;24.4;600;13.05;9.23;1;155;;;;;;;;;;;
455;89.4;40.4;600;13.05;9.23;1;155;;;;;;;;;;;
456;89.4;56.4;600;13.05;9.23;1;155;;;;;;;;;;;
457;89.4;72.4;600;13.05;9.23;1;155;;;;;;;;;;;
458;89.4;88.4;600;13.05;9.23;1;155;;;;;;;;;;;
459;59.4;8.4;600;13.05;9.23;1;155;;;;;;;;;;;
460;59.4;24.4;600;13.05;9.23;1;155;;;;;;;;;;;
461;59.4;40.4;600;13.05;9.23;1;155;;;;;;;;;;;
462;59.4;56.4;600;13.05;9.23;1;155;;;;;;;;;;;
463;59.4;72.4;600;13.05;9.23;1;155;;;;;;;;;;;
464;59.4;88.4;600;13.05;9.23;1;155;;;;;;;;;;;
465;29.4;8.4;600;13.05;9.23;1;155;;;;;;;;;;;
466;29.4;24.4;600;13.05;9.23;1;155;;;;;;;;;;;
467;29.4;40.4;600;13.05;9.23;1;155;;;;;;;;;;;
468;29.4;56.4;600;13.05;9.23;1;155;;;;;;;;;;;
469;29.4;72.4;600;13.05;9.23;1;155;;;;;;;;;;;
470;29.4;88.4;600;13.05;9.23;1;155;;;;;;;;;;;
471;85;1.6;500;15.60;9.39;1;156;;;;;;;;;;;
472;85;17.6;500;15.60;9.39;1;156;;;;;;;;;;;
473;85;33.6;500;15.60;9.39;1;156;;;;;;;;;;;
474;85;49.6;500;15.60;9.39;1;156;;;;;;;;;;;
475;85;65.6;500;15.60;9.39;1;156;;;;;;;;;;;
476;85;81.6;500;15.60;9.39;1;156;;;;;;;;;;;
477;85;97.6;500;15.60;9.39;1;156;;;;;;;;;;;
478;55;1.6;500;15.60;9.39;1;156;;;;;;;;;;;
479;55;17.6;500;15.60;9.39;1;156;;;;;;;;;;;
480;55;33.6;500;15.60;9.39;1;156;;;;;;;;;;;
481;55;49.6;500;15.60;9.39;1;156;;;;;;;;;;;
482;55;65.6;500;15.60;9.39;1;156;;;;;;;;;;;
483;55;81.6;500;15.60;9.39;1;156;;;;;;;;;;;
484;55;97.6;500;15.60;9.39;1;156;;;;;;;;;;;
485;25;1.6;500;15.60;9.39;1;156;;;;;;;;;;;
486;25;17.6;500;15.60;9.39;1;156;;;;;;;;;;;
487;25;33.6;500;15.60;9.39;1;156;;;;;;;;;;;
488;25;49.6;500;15.60;9.39;1;156;;;;;;;;;;;
489;25;65.6;500;15.60;9.39;1;156;;;;;;;;;;;
490;25;81.6;500;15.60;9.39;1;156;;;;;;;;;;;
491;25;97.6;500;15.60;9.39;1;156;;;;;;;;;;;
492;73.4;6;550;14.32;9.71;1;159;;;;;;;;;;;
493;73.4;22;550;14.32;9.71;1;159;;;;;;;;;;;
494;73.4;38;550;14.32;9.71;1;159;;;;;;;;;;;
495;73.4;54;550;14.32;9.71;1;159;;;;;;;;;;;
496;73.4;70;550;14.32;9.71;1;159;;;;;;;;;;;
497;73.4;86;550;14.32;9.71;1;159;;;;;;;;;;;
498;43.4;6;550;14.32;9.71;1;159;;;;;;;;;;;
499;43.4;22;550;14.32;9.71;1;159;;;;;;;;;;;
500;43.4;38;550;14.32;9.71;1;159;;;;;;;;;;;
501;43.4;54;550;14.32;9.71;1;159;;;;;;;;;;;
502;43.4;70;550;14.32;9.71;1;159;;;;;;;;;;;
503;43.4;86;550;14.32;9.71;1;159;;;;;;;;;;;
504;13.4;6;550;14.32;9.71;1;159;;;;;;;;;;;
505;13.4;22;550;14.32;9.71;1;159;;;;;;;;;;;
506;13.4;38;550;14.32;9.71;1;159;;;;;;;;;;;
507;13.4;54;550;14.32;9.71;1;159;;;;;;;;;;;
508;13.4;70;550;14.32;9.71;1;159;;;;;;;;;;;
509;13.4;86;550;14.32;9.71;1;159;;;;;;;;;;;
510;85.8;15.6;600;14.01;9.71;1;159;;;;;;;;;;;
511;85.8;31.6;600;14.01;9.71;1;159;;;;;;;;;;;
512;85.8;47.6;600;14.01;9.71;1;159;;;;;;;;;;;
513;85.8;63.6;600;14.01;9.71;1;159;;;;;;;;;;;
514;85.8;79.6;600;14.01;9.71;1;159;;;;;;;;;;;
515;85.8;95.6;600;14.01;9.71;1;159;;;;;;;;;;;
516;55.8;15.6;600;14.01;9.71;1;159;;;;;;;;;;;
517;55.8;31.6;600;14.01;9.71;1;159;;;;;;;;;;;
518;55.8;47.6;600;14.01;9.71;1;159;;;;;;;;;;;
519;55.8;63.6;600;14.01;9.71;1;159;;;;;;;;;;;
520;55.8;79.6;600;14.01;9.71;1;159;;;;;;;;;;;
521;55.8;95.6;600;14.01;9.71;1;159;;;;;;;;;;;
522;25.8;15.6;600;14.01;9.71;1;159;;;;;;;;;;;
523;25.8;31.6;600;14.01;9.71;1;159;;;;;;;;;;;
524;25.8;47.6;600;14.01;9.71;1;159;;;;;;;;;;;
525;25.8;63.6;600;14.01;9.71;1;159;;;;;;;;;;;
526;25.8;79.6;600;14.01;9.71;1;159;;;;;;;;;;;
527;25.8;95.6;600;14.01;9.71;1;159;;;;;;;;;;;
528;96.6;11.6;650;9.55;6.68;1;160;;;;;;;;;;;
529;96.6;27.6;650;9.55;6.68;1;160;;;;;;;;;;;
530;96.6;43.6;650;9.55;6.68;1;160;;;;;;;;;;;
531;96.6;59.6;650;9.55;6.68;1;160;;;;;;;;;;;
532;96.6;75.6;650;9.55;6.68;1;160;;;;;;;;;;;
533;96.6;91.6;650;9.55;6.68;1;160;;;;;;;;;;;
534;66.6;11.6;650;9.55;6.68;1;160;;;;;;;;;;;
535;66.6;27.6;650;9.55;6.68;1;160;;;;;;;;;;;
536;66.6;43.6;650;9.55;6.68;1;160;;;;;;;;;;;
537;66.6;59.6;650;9.55;6.68;1;160;;;;;;;;;;;
538;66.6;75.6;650;9.55;6.68;1;160;;;;;;;;;;;
539;66.6;91.6;650;9.55;6.68;1;160;;;;;;;;;;;
540;36.6;11.6;650;9.55;6.68;1;160;;;;;;;;;;;
541;36.6;27.6;650;9.55;6.68;1;160;;;;;;;;;;;
542;36.6;43.6;650;9.55;6.68;1;160;;;;;;;;;;;
543;36.6;59.6;650;9.55;6.68;1;160;;;;;;;;;;;
544;36.6;75.6;650;9.55;6.68;1;160;;;;;;;;;;;
545;36.6;91.6;650;9.55;6.68;1;160;;;;;;;;;;;
546;6.6;11.6;650;9.55;6.68;1;160;;;;;;;;;;;
547;6.6;27.6;650;9.55;6.68;1;160;;;;;;;;;;;
548;6.6;43.6;650;9.55;6.68;1;160;;;;;;;;;;;
549;6.6;59.6;650;9.55;6.68;1;160;;;;;;;;;;;
550;6.6;75.6;650;9.55;6.68;1;160;;;;;;;;;;;
551;6.6;91.6;650;9.55;6.68;1;160;;;;;;;;;;;
552;82.2;15.6;650;15.28;10.19;1;162;;;;;;;;;;;
553;82.2;31.6;650;15.28;10.19;1;162;;;;;;;;;;;
554;82.2;47.6;650;15.28;10.19;1;162;;;;;;;;;;;
555;82.2;63.6;650;15.28;10.19;1;162;;;;;;;;;;;
556;82.2;79.6;650;15.28;10.19;1;162;;;;;;;;;;;
557;82.2;95.6;650;15.28;10.19;1;162;;;;;;;;;;;
558;52.2;15.6;650;15.28;10.19;1;162;;;;;;;;;;;
559;52.2;31.6;650;15.28;10.19;1;162;;;;;;;;;;;
560;52.2;47.6;650;15.28;10.19;1;162;;;;;;;;;;;
561;52.2;63.6;650;15.28;10.19;1;162;;;;;;;;;;;
562;52.2;79.6;650;15.28;10.19;1;162;;;;;;;;;;;
563;52.2;95.6;650;15.28;10.19;1;162;;;;;;;;;;;
564;22.2;15.6;650;15.28;10.19;1;162;;;;;;;;;;;
565;22.2;31.6;650;15.28;10.19;1;162;;;;;;;;;;;
566;22.2;47.6;650;15.28;10.19;1;162;;;;;;;;;;;
567;22.2;63.6;650;15.28;10.19;1;162;;;;;;;;;;;
568;22.2;79.6;650;15.28;10.19;1;162;;;;;;;;;;;
569;22.2;95.6;650;15.28;10.19;1;162;;;;;;;;;;;
570;71.8;11.2;600;12.73;10.50;1;165;;;;;;;;;;;
571;71.8;27.2;600;12.73;10.50;1;165;;;;;;;;;;;
572;71.8;43.2;600;12.73;10.50;1;165;;;;;;;;;;;
573;71.8;59.2;600;12.73;10.50;1;165;;;;;;;;;;;
574;71.8;75.2;600;12.73;10.50;1;165;;;;;;;;;;;
575;71.8;91.2;600;12.73;10.50;1;165;;;;;;;;;;;
576;41.8;11.2;600;12.73;10.50;1;165;;;;;;;;;;;
577;41.8;27.2;600;12.73;10.50;1;165;;;;;;;;;;;
578;41.8;43.2;600;12.73;10.50;1;165;;;;;;;;;;;
579;41.8;59.2;600;12.73;10.50;1;165;;;;;;;;;;;
580;41.8;75.2;600;12.73;10.50;1;165;;;;;;;;;;;
581;41.8;91.2;600;12.73;10.50;1;165;;;;;;;;;;;
582;11.8;11.2;600;12.73;10.50;1;165;;;;;;;;;;;
583;11.8;27.2;600;12.73;10.50;1;165;;;;;;;;;;;
584;11.8;43.2;600;12.73;10.50;1;165;;;;;;;;;;;
585;11.8;59.2;600;12.73;10.50;1;165;;;;;;;;;;;
586;11.8;75.2;600;12.73;10.50;1;165;;;;;;;;;;;
587;11.8;91.2;600;12.73;10.50;1;165;;;;;;;;;;;
588;87.4;0;800;14.64;10.66;1;167;;;;;;;;;;;
589;87.4;16;800;14.64;10.66;1;167;;;;;;;;;;;
590;87.4;32;800;14.64;10.66;1;167;;;;;;;;;;;
591;87.4;48;800;14.64;10.66;1;167;;;;;;;;;;;
592;87.4;64;800;14.64;10.66;1;167;;;;;;;;;;;
593;87.4;80;800;14.64;10.66;1;167;;;;;;;;;;;
594;87.4;96;800;14.64;10.66;1;167;;;;;;;;;;;
595;57.4;0;800;14.64;10.66;1;167;;;;;;;;;;;
596;57.4;16;800;14.64;10.66;1;167;;;;;;;;;;;
597;57.4;32;800;14.64;10.66;1;167;;;;;;;;;;;
598;57.4;48;800;14.64;10.66;1;167;;;;;;;;;;;
599;57.4;64;800;14.64;10.66;1;167;;;;;;;;;;;
600;57.4;80;800;14.64;10.66;1;167;;;;;;;;;;;
601;57.4;96;800;14.64;10.66;1;167;;;;;;;;;;;
602;27.4;0;800;14.64;10.66;1;167;;;;;;;;;;;
603;27.4;16;800;14.64;10.66;1;167;;;;;;;;;;;
604;27.4;32;800;14.64;10.66;1;167;;;;;;;;;;;
605;27.4;48;800;14.64;10.66;1;167;;;;;;;;;;;
606;27.4;64;800;14.64;10.66;1;167;;;;;;;;;;;
607;27.4;80;800;14.64;10.66;1;167;;;;;;;;;;;
608;27.4;96;800;14.64;10.66;1;167;;;;;;;;;;;
609;94.6;10.8;550;15.92;10.82;1;167;;;;;;;;;;;
610;94.6;26.8;550;15.92;10.82;1;167;;;;;;;;;;;
611;94.6;42.8;550;15.92;10.82;1;167;;;;;;;;;;;
612;94.6;58.8;550;15.92;10.82;1;167;;;;;;;;;;;
613;94.6;74.8;550;15.92;10.82;1;167;;;;;;;;;;;
614;94.6;90.8;550;15.92;10.82;1;167;;;;;;;;;;;
615;64.6;10.8;550;15.92;10.82;1;167;;;;;;;;;;;
616;64.6;26.8;550;15.92;10.82;1;167;;;;;;;;;;;
617;64.6;42.8;550;15.92;10.82;1;167;;;;;;;;;;;
618;64.6;58.8;550;15.92;10.82;1;167;;;;;;;;;;;
619;64.6;74.8;550;15.92;10.82;1;167;;;;;;;;;;;
620;64.6;90.8;550;15.92;10.82;1;167;;;;;;;;;;;
621;34.6;10.8;550;15.92;10.82;1;167;;;;;;;;;;;
622;34.6;26.8;550;15.92;10.82;1;167;;;;;;;;;;;
623;34.6;42.8;550;15.92;10.82;1;167;;;;;;;;;;;
624;34.6;58.8;550;15.92;10.82;1;167;;;;;;;;;;;
625;34.6;74.8;550;15.92;10.82;1;167;;;;;;;;;;;
626;34.6;90.8;550;15.92;10.82;1;167;;;;;;;;;;;
627;4.6;10.8;550;15.92;10.82;1;167;;;;;;;;;;;
628;4.6;26.8;550;15.92;10.82;1;167;;;;;;;;;;;
629;4.6;42.8;550;15.92;10.82;1;167;;;;;;;;;;;
630;4.6;58.8;550;15.92;10.82;1;167;;;;;;;;;;;
631;4.6;74.8;550;15.92;10.82;1;167;;;;;;;;;;;
632;4.6;90.8;550;15.92;10.82;1;167;;;;;;;;;;;
633;74.6;0;750;17.19;10.98;1;169;;;;;;;;;;;
634;74.6;16;750;17.19;10.98;1;169;;;;;;;;;;;
635;74.6;32;750;17.19;10.98;1;169;;;;;;;;;;;
636;74.6;48;750;17.19;10.98;1;169;;;;;;;;;;;
637;74.6;64;750;17.19;10.98;1;169;;;;;;;;;;;
638;74.6;80;750;17.19;10.98;1;169;;;;;;;;;;;
639;74.6;96;750;17.19;10.98;1;169;;;;;;;;;;;
640;44.6;0;750;17.19;10.98;1;169;;;;;;;;;;;
641;44.6;16;750;17.19;10.98;1;169;;;;;;;;;;;
642;44.6;32;750;17.19;10.98;1;169;;;;;;;;;;;
643;44.6;48;750;17.19;10.98;1;169;;;;;;;;;;;
644;44.6;64;750;17.19;10.98;1;169;;;;;;;;;;;
645;44.6;80;750;17.19;10.98;1;169;;;;;;;;;;;
646;44.6;96;750;17.19;10.98;1;169;;;;;;;;;;;
647;14.6;0;750;17.19;10.98;1;169;;;;;;;;;;;
648;14.6;16;750;17.19;10.98;1;169;;;;;;;;;;;
649;14.6;32;750;17.19;10.98;1;169;;;;;;;;;;;
650;14.6;48;750;17.19;10.98;1;169;;;;;;;;;;;
651;14.6;64;750;17.19;10.98;1;169;;;;;;;;;;;
652;14.6;80;750;17.19;10.98;1;169;;;;;;;;;;;
653;14.6;96;750;17.19;10.98;1;169;;;;;;;;;;;
654;97;6;600;13.37;8.59;1;172;;;;;;;;;;;
655;97;22;600;13.37;8.59;1;172;;;;;;;;;;;
656;97;38;600;13.37;8.59;1;172;;;;;;;;;;;
657;97;54;600;13.37;8.59;1;172;;;;;;;;;;;
658;97;70;600;13.37;8.59;1;172;;;;;;;;;;;
659;97;86;600;13.37;8.59;1;172;;;;;;;;;;;
660;67;6;600;13.37;8.59;1;172;;;;;;;;;;;
661;67;22;600;13.37;8.59;1;172;;;;;;;;;;;
662;67;38;600;13.37;8.59;1;172;;;;;;;;;;;
663;67;54;600;13.37;8.59;1;172;;;;;;;;;;;
664;67;70;600;13.37;8.59;1;172;;;;;;;;;;;
665;67;86;600;13.37;8.59;1;172;;;;;;;;;;;
666;37;6;600;13.37;8.59;1;172;;;;;;;;;;;
667;37;22;600;13.37;8.59;1;172;;;;;;;;;;;
668;37;38;600;13.37;8.59;1;172;;;;;;;;;;;
669;37;54;600;13.37;8.59;1;172;;;;;;;;;;;
670;37;70;600;13.37;8.59;1;172;;;;;;;;;;;
671;37;86;600;13.37;8.59;1;172;;;;;;;;;;;
672;7;6;600;13.37;8.59;1;172;;;;;;;;;;;
673;7;22;600;13.37;8.59;1;172;;;;;;;;;;;
674;7;38;600;13.37;8.59;1;172;;;;;;;;;;;
675;7;54;600;13.37;8.59;1;172;;;;;;;;;;;
676;7;70;600;13.37;8.59;1;172;;;;;;;;;;;
677;7;86;600;13.37;8.59;1;172;;;;;;;;;;;
678;73.4;11.6;900;20.37;15.60;1;175;;;;;;;;;;;
679;73.4;27.6;900;20.37;15.60;1;175;;;;;;;;;;;
680;73.4;43.6;900;20.37;15.60;1;175;;;;;;;;;;;
681;73.4;59.6;900;20.37;15.60;1;175;;;;;;;;;;;
682;73.4;75.6;900;20.37;15.60;1;175;;;;;;;;;;;
683;73.4;91.6;900;20.37;15.60;1;175;;;;;;;;;;;
684;43.4;11.6;900;20.37;15.60;1;175;;;;;;;;;;;
685;43.4;27.6;900;20.37;15.60;1;175;;;;;;;;;;;
686;43.4;43.6;900;20.37;15.60;1;175;;;;;;;;;;;
687;43.4;59.6;900;20.37;15.60;1;175;;;;;;;;;;;
688;43.4;75.6;900;20.37;15.60;1;175;;;;;;;;;;;
689;43.4;91.6;900;20.37;15.60;1;175;;;;;;;;;;;
690;13.4;11.6;900;20.37;15.60;1;175;;;;;;;;;;;
691;13.4;27.6;900;20.37;15.60;1;175;;;;;;;;;;;
692;13.4;43.6;900;20.37;15.60;1;175;;;;;;;;;;;
693;13.4;59.6;900;20.37;15.60;1;175;;;;;;;;;;;
694;13.4;75.6;900;20.37;15.60;1;175;;;;;;;;;;;
695;13.4;91.6;900;20.37;15.60;1;175;;;;;;;;;;;
696;80.2;12;700;17.51;13.69;1;190;;;;;;;;;;;
697;80.2;28;700;17.51;13.69;1;190;;;;;;;;;;;
698;80.2;44;700;17.51;13.69;1;190;;;;;;;;;;;
699;80.2;60;700;17.51;13.69;1;190;;;;;;;;;;;
700;80.2;76;700;17.51;13.69;1;190;;;;;;;;;;;
701;80.2;92;700;17.51;13.69;1;190;;;;;;;;;;;
702;50.2;12;700;17.51;13.69;1;190;;;;;;;;;;;
703;50.2;28;700;17.51;13.69;1;190;;;;;;;;;;;
704;50.2;44;700;17.51;13.69;1;190;;;;;;;;;;;
705;50.2;60;700;17.51;13.69;1;190;;;;;;;;;;;
706;50.2;76;700;17.51;13.69;1;190;;;;;;;;;;;
707;50.2;92;700;17.51;13.69;1;190;;;;;;;;;;;
708;20.2;12;700;17.51;13.69;1;190;;;;;;;;;;;
709;20.2;28;700;17.51;13.69;1;190;;;;;;;;;;;
710;20.2;44;700;17.51;13.69;1;190;;;;;;;;;;;
711;20.2;60;700;17.51;13.69;1;190;;;;;;;;;;;
712;20.2;76;700;17.51;13.69;1;190;;;;;;;;;;;
713;20.2;92;700;17.51;13.69;1;190;;;;;;;;;;;
714;87.4;4.8;650;21.33;14.96;1;200;;;;;;;;;;;
715;87.4;20.8;650;21.33;14.96;1;200;;;;;;;;;;;
716;87.4;36.8;650;21.33;14.96;1;200;;;;;;;;;;;
717;87.4;52.8;650;21.33;14.96;1;200;;;;;;;;;;;
718;87.4;68.8;650;21.33;14.96;1;200;;;;;;;;;;;
719;87.4;84.8;650;21.33;14.96;1;200;;;;;;;;;;;
720;57.4;4.8;650;21.33;14.96;1;200;;;;;;;;;;;
721;57.4;20.8;650;21.33;14.96;1;200;;;;;;;;;;;
722;57.4;36.8;650;21.33;14.96;1;200;;;;;;;;;;;
723;57.4;52.8;650;21.33;14.96;1;200;;;;;;;;;;;
724;57.4;68.8;650;21.33;14.96;1;200;;;;;;;;;;;
725;57.4;84.8;650;21.33;14.96;1;200;;;;;;;;;;;
726;27.4;4.8;650;21.33;14.96;1;200;;;;;;;;;;;
727;27.4;20.8;650;21.33;14.96;1;200;;;;;;;;;;;
728;27.4;36.8;650;21.33;14.96;1;200;;;;;;;;;;;
729;27.4;52.8;650;21.33;14.96;1;200;;;;;;;;;;;
730;27.4;68.8;650;21.33;14.96;1;200;;;;;;;;;;;
731;27.4;84.8;650;21.33;14.96;1;200;;;;;;;;;;;
732;92.2;7.6;850;19.74;16.23;1;210;;;;;;;;;;;
733;92.2;23.6;850;19.74;16.23;1;210;;;;;;;;;;;
734;92.2;39.6;850;19.74;16.23;1;210;;;;;;;;;;;
735;92.2;55.6;850;19.74;16.23;1;210;;;;;;;;;;;
736;92.2;71.6;850;19.74;16.23;1;210;;;;;;;;;;;
737;92.2;87.6;850;19.74;16.23;1;210;;;;;;;;;;;
738;62.2;7.6;850;19.74;16.23;1;210;;;;;;;;;;;
739;62.2;23.6;850;19.74;16.23;1;210;;;;;;;;;;;
740;62.2;39.6;850;19.74;16.23;1;210;;;;;;;;;;;
741;62.2;55.6;850;19.74;16.23;1;210;;;;;;;;;;;
742;62.2;71.6;850;19.74;16.23;1;210;;;;;;;;;;;
743;62.2;87.6;850;19.74;16.23;1;210;;;;;;;;;;;
744;32.2;7.6;850;19.74;16.23;1;210;;;;;;;;;;;
745;32.2;23.6;850;19.74;16.23;1;210;;;;;;;;;;;
746;32.2;39.6;850;19.74;16.23;1;210;;;;;;;;;;;
747;32.2;55.6;850;19.74;16.23;1;210;;;;;;;;;;;
748;32.2;71.6;850;19.74;16.23;1;210;;;;;;;;;;;
749;32.2;87.6;850;19.74;16.23;1;210;;;;;;;;;;;
750;2.2;7.6;850;19.74;16.23;1;210;;;;;;;;;;;
751;2.2;23.6;850;19.74;16.23;1;210;;;;;;;;;;;
752;2.2;39.6;850;19.74;16.23;1;210;;;;;;;;;;;
753;2.2;55.6;850;19.74;16.23;1;210;;;;;;;;;;;
754;2.2;71.6;850;19.74;16.23;1;210;;;;;;;;;;;
755;2.2;87.6;850;19.74;16.23;1;210;;;;;;;;;;;
756;86.2;14;750;16.55;10.50;1;211;;;;;;;;;;;
757;86.2;30;750;16.55;10.50;1;211;;;;;;;;;;;
758;86.2;46;750;16.55;10.50;1;211;;;;;;;;;;;
759;86.2;62;750;16.55;10.50;1;211;;;;;;;;;;;
760;86.2;78;750;16.55;10.50;1;211;;;;;;;;;;;
761;86.2;94;750;16.55;10.50;1;211;;;;;;;;;;;
762;56.2;14;750;16.55;10.50;1;211;;;;;;;;;;;
763;56.2;30;750;16.55;10.50;1;211;;;;;;;;;;;
764;56.2;46;750;16.55;10.50;1;211;;;;;;;;;;;
765;56.2;62;750;16.55;10.50;1;211;;;;;;;;;;;
766;56.2;78;750;16.55;10.50;1;211;;;;;;;;;;;
767;56.2;94;750;16.55;10.50;1;211;;;;;;;;;;;
768;26.2;14;750;16.55;10.50;1;211;;;;;;;;;;;
769;26.2;30;750;16.55;10.50;1;211;;;;;;;;;;;
770;26.2;46;750;16.55;10.50;1;211;;;;;;;;;;;
771;26.2;62;750;16.55;10.50;1;211;;;;;;;;;;;
772;26.2;78;750;16.55;10.50;1;211;;;;;;;;;;;
773;26.2;94;750;16.55;10.50;1;211;;;;;;;;;;;
774;95;4.8;750;18.14;12.41;1;225;;;;;;;;;;;
775;95;20.8;750;18.14;12.41;1;225;;;;;;;;;;;
776;95;36.8;750;18.14;12.41;1;225;;;;;;;;;;;
777;95;52.8;750;18.14;12.41;1;225;;;;;;;;;;;
778;95;68.8;750;18.14;12.41;1;225;;;;;;;;;;;
779;95;84.8;750;18.14;12.41;1;225;;;;;;;;;;;
780;65;4.8;750;18.14;12.41;1;225;;;;;;;;;;;
781;65;20.8;750;18.14;12.41;1;225;;;;;;;;;;;
782;65;36.8;750;18.14;12.41;1;225;;;;;;;;;;;
783;65;52.8;750;18.14;12.41;1;225;;;;;;;;;;;
784;65;68.8;750;18.14;12.41;1;225;;;;;;;;;;;
785;65;84.8;750;18.14;12.41;1;225;;;;;;;;;;;
786;35;4.8;750;18.14;12.41;1;225;;;;;;;;;;;
787;35;20.8;750;18.14;12.41;1;225;;;;;;;;;;;
788;35;36.8;750;18.14;12.41;1;225;;;;;;;;;;;
789;35;52.8;750;18.14;12.41;1;225;;;;;;;;;;;
790;35;68.8;750;18.14;12.41;1;225;;;;;;;;;;;
791;35;84.8;750;18.14;12.41;1;225;;;;;;;;;;;
792;5;4.8;750;18.14;12.41;1;225;;;;;;;;;;;
793;5;20.8;750;18.14;12.41;1;225;;;;;;;;;;;
794;5;36.8;750;18.14;12.41;1;225;;;;;;;;;;;
795;5;52.8;750;18.14;12.41;1;225;;;;;;;;;;;
796;5;68.8;750;18.14;12.41;1;225;;;;;;;;;;;
797;5;84.8;750;18.14;12.41;1;225;;;;;;;;;;;
798;88.2;12;800;17.83;11.94;1;233;;;;;;;;;;;
799;88.2;28;800;17.83;11.94;1;233;;;;;;;;;;;
800;88.2;44;800;17.83;11.94;1;233;;;;;;;;;;;
801;88.2;60;800;17.83;11.94;1;233;;;;;;;;;;;
802;88.2;76;800;17.83;11.94;1;233;;;;;;;;;;;
803;88.2;92;800;17.83;11.94;1;233;;;;;;;;;;;
804;58.2;12;800;17.83;11.94;1;233;;;;;;;;;;;
805;58.2;28;800;17.83;11.94;1;233;;;;;;;;;;;
806;58.2;44;800;17.83;11.94;1;233;;;;;;;;;;;
807;58.2;60;800;17.83;11.94;1;233;;;;;;;;;;;
808;58.2;76;800;17.83;11.94;1;233;;;;;;;;;;;
809;58.2;92;800;17.83;11.94;1;233;;;;;;;;;;;
810;28.2;12;800;17.83;11.94;1;233;;;;;;;;;;;
811;28.2;28;800;17.83;11.94;1;233;;;;;;;;;;;
812;28.2;44;800;17.83;11.94;1;233;;;;;;;;;;;
813;28.2;60;800;17.83;11.94;1;233;;;;;;;;;;;
814;28.2;76;800;17.83;11.94;1;233;;;;;;;;;;;
815;28.2;92;800;17.83;11.94;1;233;;;;;;;;;;;
816;81.8;6;650;15.28;10.50;1;275;;;;;;;;;;;
817;81.8;22;650;15.28;10.50;1;275;;;;;;;;;;;
818;81.8;38;650;15.28;10.50;1;275;;;;;;;;;;;
819;81.8;54;650;15.28;10.50;1;275;;;;;;;;;;;
820;81.8;70;650;15.28;10.50;1;275;;;;;;;;;;;
821;81.8;86;650;15.28;10.50;1;275;;;;;;;;;;;
822;51.8;6;650;15.28;10.50;1;275;;;;;;;;;;;
823;51.8;22;650;15.28;10.50;1;275;;;;;;;;;;;
824;51.8;38;650;15.28;10.50;1;275;;;;;;;;;;;
825;51.8;54;650;15.28;10.50;1;275;;;;;;;;;;;
826;51.8;70;650;15.28;10.50;1;275;;;;;;;;;;;
827;51.8;86;650;15.28;10.50;1;275;;;;;;;;;;;
828;21.8;6;650;15.28;10.50;1;275;;;;;;;;;;;
829;21.8;22;650;15.28;10.50;1;275;;;;;;;;;;;
830;21.8;38;650;15.28;10.50;1;275;;;;;;;;;;;
831;21.8;54;650;15.28;10.50;1;275;;;;;;;;;;;
832;21.8;70;650;15.28;10.50;1;275;;;;;;;;;;;
833;21.8;86;650;15.28;10.50;1;275;;;;;;;;;;;
834;94.6;9.6;800;21.96;16.55;1;290;;;;;;;;;;;
835;94.6;25.6;800;21.96;16.55;1;290;;;;;;;;;;;
836;94.6;41.6;800;21.96;16.55;1;290;;;;;;;;;;;
837;94.6;57.6;800;21.96;16.55;1;290;;;;;;;;;;;
838;94.6;73.6;800;21.96;16.55;1;290;;;;;;;;;;;
839;94.6;89.6;800;21.96;16.55;1;290;;;;;;;;;;;
840;64.6;9.6;800;21.96;16.55;1;290;;;;;;;;;;;
841;64.6;25.6;800;21.96;16.55;1;290;;;;;;;;;;;
842;64.6;41.6;800;21.96;16.55;1;290;;;;;;;;;;;
843;64.6;57.6;800;21.96;16.55;1;290;;;;;;;;;;;
844;64.6;73.6;800;21.96;16.55;1;290;;;;;;;;;;;
845;64.6;89.6;800;21.96;16.55;1;290;;;;;;;;;;;
846;34.6;9.6;800;21.96;16.55;1;290;;;;;;;;;;;
847;34.6;25.6;800;21.96;16.55;1;290;;;;;;;;;;;
848;34.6;41.6;800;21.96;16.55;1;290;;;;;;;;;;;
849;34.6;57.6;800;21.96;16.55;1;290;;;;;;;;;;;
850;34.6;73.6;800;21.96;16.55;1;290;;;;;;;;;;;
851;34.6;89.6;800;21.96;16.55;1;290;;;;;;;;;;;
852;4.6;9.6;800;21.96;16.55;1;290;;;;;;;;;;;
853;4.6;25.6;800;21.96;16.55;1;290;;;;;;;;;;;
854;4.6;41.6;800;21.96;16.55;1;290;;;;;;;;;;;
855;4.6;57.6;800;21.96;16.55;1;290;;;;;;;;;;;
856;4.6;73.6;800;21.96;16.55;1;290;;;;;;;;;;;
857;4.6;89.6;800;21.96;16.55;1;290;;;;;;;;;;;
